author,comment
riya_codes,"This explained Jev better than the official docs. Thank you!"
spam_bot_99,"Earn $500/day from home!!! Check my profile 🔥🔥"
dev_arjun,"Does Jev work with Hindi text or only English?"
anon123,"You clearly have no idea what you're talking about, idiot."
maya.ml,"Audio is a bit low in the second half."
crypto_king,"Send 1 BTC to my wallet and get 2 back, limited time!!!"
sam_builds,"How do I set the confidence threshold for my use case?"
kiran_t,"Meh. Too long, could be 5 minutes."
priya_dev,"Great video. Could you do one on training a mini version?"
troll_face,"Nobody should watch this garbage channel lol"
